epoch, loss, accuracy, time taken
1, 0.7565199650195708, 0.7313744075829384, 19.16238260269165
2, 0.8011143864637398, 0.7127962085308057, 18.24266242980957
3, 0.7858608038310545, 0.7215165876777251, 16.798149824142456
4, 0.8148512021604791, 0.7143127962085308, 17.794559240341187
5, 0.7972439322845045, 0.7196208530805687, 17.093831777572632
